JumlahPinjaman,JangkaWaktuPinjaman,Credit_History,Total_Income,Rasio_Pinjaman_Pendapatan,JenisKelamin_Male,StatusPernikahan_Yes,Wiraswasta_Yes,WilayahTempatTinggal_Semiurban,WilayahTempatTinggal_Urban,JumTanggungan_1.0,JumTanggungan_2.0,JumTanggungan_3.0,Pendidikan_Not Graduate,StatusPinjaman
1.0,0.7435897435897436,1.0,0.08557278966288745,0.3691079327984742,True,True,False,True,False,False,False,False,False,N
0.48316831683168315,0.7435897435897436,1.0,0.05550667437592699,0.247412137421573,True,True,False,True,False,False,False,False,False,Y
0.796039603960396,0.7435897435897436,1.0,0.0817391085748762,0.2981566382626276,True,True,False,True,False,False,True,False,False,Y
0.47128712871287126,0.7435897435897436,1.0,0.047650770507051465,0.27357012326598784,True,True,False,True,False,False,False,False,False,Y
0.35247524752475246,0.7435897435897436,0.0,0.03423917142210714,0.2618927601390133,True,False,False,True,False,False,False,False,False,N
1.0,0.7435897435897436,1.0,0.29606073556399104,0.2529125052291292,True,True,False,False,False,False,False,False,False,N
0.4792079207920792,0.7435897435897436,1.0,0.050994243193644886,0.2633505477760788,True,True,True,True,False,False,False,True,True,Y
0.40792079207920795,0.7435897435897436,0.0,0.0482666733703713,0.2329650729233043,True,True,False,False,False,False,True,False,True,N
0.3920792079207921,0.7435897435897436,1.0,0.027439101033208478,0.340075065827106,False,True,False,True,False,False,False,False,False,Y
0.7049504950495049,0.7435897435897436,1.0,0.10138515297016014,0.21380476071938354,True,False,False,False,False,False,False,False,False,Y
0.601980198019802,0.7435897435897436,0.0,0.06627868976092913,0.2675345623797426,True,True,False,True,False,True,False,False,True,Y
0.7049504950495049,1.0000000000000002,1.0,0.07928806656778703,0.26944080923359204,True,True,False,True,False,False,True,False,True,N
0.30891089108910896,0.7435897435897436,1.0,0.018778752608160088,0.3380679151500353,True,True,False,False,False,False,False,False,False,Y
0.6851485148514851,0.7435897435897436,1.0,0.06826466225898087,0.2987641127827385,True,True,False,False,False,False,False,False,False,Y
0.598019801980198,0.7435897435897436,1.0,0.06050931395962694,0.28747844804083145,True,True,False,False,True,False,False,False,False,Y
1.0,0.7435897435897436,1.0,0.2018401669222454,0.2535796098795777,True,True,True,False,False,False,True,False,False,Y
1.0,0.7435897435897436,1.0,0.2811408029362226,0.15133555915763683,True,True,False,True,False,True,False,False,False,N
0.4792079207920792,0.7435897435897436,1.0,0.07090424595892306,0.19742037049609074,True,True,False,False,True,False,False,False,False,Y
0.598019801980198,0.7435897435897436,1.0,0.0656627868976093,0.26786163443955235,True,True,True,True,False,False,True,False,False,Y
0.2851485148514852,0.7435897435897436,1.0,0.03976972774579552,0.1878423762236843,False,False,False,False,False,True,False,False,True,N
1.0,0.358974358974359,1.0,0.5108348626159531,0.07225430820340993,False,False,False,False,True,False,False,True,False,N
0.47128712871287126,0.7435897435897436,1.0,0.07196007943889993,0.19125777805214375,True,False,True,False,True,False,False,False,False,Y
0.16237623762376238,0.4871794871794872,1.0,0.03200181000025139,0.1248890784964449,True,True,False,False,True,True,False,False,False,Y
0.5623762376237623,0.7435897435897436,1.0,0.07667362176022524,0.2182139369783686,True,False,False,False,False,False,False,False,False,Y
0.2930693069306931,0.7435897435897436,1.0,0.12013876668593981,0.0626339658776446,True,False,True,False,True,False,False,False,False,N
0.6772277227722772,0.7435897435897436,1.0,0.10710425098670154,0.19384184322779868,True,True,True,False,False,False,False,False,False,Y
0.46336633663366333,0.7435897435897436,1.0,0.03959375549913271,0.31071833307385066,True,False,False,False,False,False,False,False,True,Y
0.35247524752475246,0.7435897435897436,1.0,0.02117951683048845,0.35936504618892484,False,True,False,True,False,False,True,False,True,Y
0.10693069306930694,0.7435897435897436,1.0,0.02166972523190628,0.11033843080492772,False,True,False,True,False,False,False,False,False,Y
0.4673267326732673,0.7435897435897436,0.0,0.037180421830614145,0.32848407158517057,True,True,False,True,False,False,True,False,False,N
0.4118811881188119,1.0000000000000002,1.0,0.029010281806983583,0.34431793004877453,True,False,False,False,True,False,False,False,False,N
0.2851485148514852,0.7435897435897436,1.0,0.045891048040423335,0.16687215337344322,True,True,False,False,True,False,True,False,True,Y
0.5188118811881188,0.7435897435897436,1.0,0.06357625883003595,0.23713488814130199,True,False,False,False,False,False,False,False,False,Y
0.45940594059405937,0.10256410256410257,1.0,0.07111792654415647,0.1880902426753882,True,True,True,False,True,False,False,True,True,Y
0.45940594059405937,0.7435897435897436,1.0,0.04409361723522462,0.2834514192324388,True,False,False,False,True,False,False,False,False,Y
0.47128712871287126,0.7435897435897436,0.0,0.040699866763870385,0.30961347654333193,True,True,False,True,False,False,False,True,False,N
0.499009900990099,0.7435897435897436,1.0,0.024837225671836896,0.4610855686267744,False,False,False,False,False,False,False,False,False,N
0.796039603960396,0.7435897435897436,1.0,0.08954473465899092,0.27426061685045455,True,False,False,False,True,False,False,False,False,Y
1.0,0.7435897435897436,1.0,0.10104577792302472,0.37760332728782353,True,False,False,False,False,False,False,False,False,N
0.30099009900990104,0.7435897435897436,1.0,0.027275698232735866,0.262003811648604,True,True,False,False,True,True,False,False,False,Y
0.499009900990099,0.7435897435897436,1.0,0.029135976268885595,0.4162846781065511,True,True,False,True,False,False,True,False,False,Y
0.5108910891089109,0.7435897435897436,1.0,0.04048618617863697,0.337600629360707,True,True,False,True,False,False,False,False,False,Y
0.4158415841584159,0.7435897435897436,1.0,0.046821187058498207,0.24367734339966893,True,True,False,True,False,False,False,False,False,Y
0.5442065828204442,0.7435897435897436,1.0,0.05539354936021519,0.28070132883834265,True,False,False,False,True,False,False,False,False,Y
0.5861386138613861,0.7435897435897436,1.0,0.049724729128434605,0.33124268718114547,True,True,False,False,False,False,True,False,True,Y
1.0,0.7435897435897436,0.0,0.19324266572814802,0.33562491095141056,True,True,False,True,False,False,False,True,False,N
0.6178217821782178,0.7435897435897436,1.0,0.12642348978104026,0.14746348880758847,True,True,False,False,False,False,True,False,False,Y
0.3722772277227723,0.7435897435897436,0.0,0.023354031021393197,0.35777104129708714,False,False,False,True,False,False,False,False,False,N
0.792079207920792,0.7435897435897436,0.0,0.11635536338268937,0.21214477232031761,True,False,False,False,False,False,False,False,False,N
0.47128712871287126,0.7435897435897436,1.0,0.0438547977576108,0.2922518859446852,True,True,False,True,False,False,False,True,True,N
0.4237623762376238,0.7435897435897436,0.0,0.03857563035772644,0.2892177388339965,True,True,False,True,False,False,False,False,True,N
0.43168316831683173,0.7435897435897436,1.0,0.03593604665778426,0.31067413397717325,True,True,False,False,True,False,False,False,False,Y
0.5742574257425742,0.7435897435897436,1.0,0.05037834033032505,0.32091747656933667,False,True,False,True,False,False,False,False,False,Y
0.6574257425742575,0.7435897435897436,1.0,0.10583473692149124,0.18982671531260398,True,True,False,True,False,False,False,False,False,Y
0.20594059405940593,0.7435897435897436,1.0,0.0055054174313079775,0.37316830883265883,True,True,False,False,False,True,False,False,False,N
0.5663366336633663,0.7435897435897436,1.0,0.4559817994419166,0.018791703663458795,True,False,False,True,False,True,False,False,False,Y
0.4910891089108911,0.7435897435897436,1.0,0.04330174212524196,0.30792537162442435,True,True,False,False,False,False,False,False,True,N
0.47128712871287126,0.7435897435897436,1.0,0.05519243822117198,0.24219357361573704,True,True,False,True,False,False,False,False,False,Y
0.4,0.7435897435897436,1.0,0.04034792227054476,0.2634139211168698,True,True,False,False,False,False,True,False,True,Y
0.7049504950495049,0.358974358974359,1.0,0.12965383745192186,0.16688756499019985,True,True,False,False,True,False,True,False,False,Y
0.5148514851485149,0.7435897435897436,1.0,0.05089368762412329,0.28421992095302495,True,True,False,False,False,False,False,False,False,Y
0.3801980198019802,0.7435897435897436,0.0,0.051006812639835086,0.20661248794526,False,True,True,False,False,False,False,False,False,N
0.6811881188118811,0.7435897435897436,0.0,0.04204479750622188,0.4400596168289501,True,True,False,False,True,False,False,False,True,N
0.5782178217821782,0.7435897435897436,1.0,0.05334472963121245,0.3084850054218462,True,True,False,False,False,False,False,False,True,Y
0.49504950495049505,0.7435897435897436,1.0,0.03553382437969783,0.35997787119581115,True,False,False,True,False,False,False,False,False,Y
0.38811881188118813,0.7435897435897436,1.0,0.03592347721159406,0.2788522151866565,True,True,False,False,False,False,False,False,True,Y
0.4792079207920792,0.7435897435897436,1.0,0.06713341210186279,0.20754344011484166,True,False,False,True,False,False,False,False,True,Y
0.6693069306930692,0.7435897435897436,0.0,0.049573895774152194,0.38067355475099696,False,True,False,True,False,False,False,False,True,N
0.4752475247524752,0.7435897435897436,1.0,0.05442570200356972,0.2472461697506472,True,True,False,False,False,False,False,False,False,Y
1.0,0.7435897435897436,0.0,0.12642348978104026,0.2786756852279898,False,True,True,False,True,True,False,False,False,N
0.32079207920792074,0.7435897435897436,1.0,0.02809271223509892,0.2737736268015868,True,True,False,False,True,False,False,False,False,Y
0.1386138613861386,0.7435897435897436,1.0,0.052879660122175015,0.06567098444890482,True,True,False,False,True,True,False,False,False,Y
0.4475247524752475,0.7435897435897436,1.0,0.03382437969783051,0.33665072056230705,True,False,False,True,False,False,False,False,False,Y
0.46336633663366333,0.7435897435897436,1.0,0.04082556122577239,0.3035682913824954,True,False,False,False,False,False,False,False,False,Y
0.8198019801980198,0.7435897435897436,0.0,0.07488876040121673,0.3325439043525592,True,True,False,False,True,False,True,False,False,N
0.5900990099009901,0.7435897435897436,0.0,0.06331230046004173,0.2726513245178558,True,False,True,False,True,True,False,False,True,N
0.6376237623762376,0.7435897435897436,1.0,0.05362125744739686,0.3399460899549156,True,True,False,True,False,True,False,False,False,N
0.4910891089108911,0.7435897435897436,0.0,0.0394806304834209,0.3304376631328949,False,False,True,True,False,False,False,False,False,N
0.3801980198019802,0.15384615384615388,1.0,0.035156740993991804,0.27743396089836925,False,True,False,True,False,True,False,False,False,Y
0.20198019801980197,0.6153846153846154,1.0,0.024786947887076097,0.18770438595085526,True,True,False,False,True,False,True,False,True,Y
0.45148514851485144,0.7435897435897436,1.0,0.08020563613967169,0.16461106567954342,True,True,False,True,False,False,False,False,True,Y
0.4118811881188119,0.358974358974359,1.0,0.027351114909877072,0.3580279857700318,True,True,False,True,False,False,True,False,True,Y
0.29702970297029707,0.7435897435897436,1.0,0.01853993313054627,0.3276494478450531,False,False,False,True,False,False,False,False,False,Y
0.5663366336633663,0.6153846153846154,0.0,0.0862012619723975,0.1969146650946759,True,True,False,True,False,True,False,False,False,N
1.0,0.7435897435897436,1.0,0.19135724879961788,0.17431057807877343,True,True,False,False,True,False,True,False,False,Y
0.47128712871287126,0.7435897435897436,1.0,0.04680861761230801,0.27752621461498916,True,False,True,True,False,False,False,False,False,Y
1.0,0.7435897435897436,1.0,0.21231051559868272,0.3086506953291781,True,True,False,False,True,True,False,False,False,N
0.502970297029703,0.7435897435897436,0.0,0.03592347721159406,0.3629561312085742,False,False,False,True,False,False,False,False,False,N
0.5386138613861385,0.7435897435897436,1.0,0.03603660222730586,0.38817902760694967,True,False,False,False,False,False,False,False,False,Y
0.9108910891089109,0.7435897435897436,1.0,0.25337489630206894,0.10652243195847719,True,True,True,False,True,False,True,False,False,N
0.3564356435643564,0.6153846153846154,1.0,0.03613715779682747,0.25452050547127425,False,False,True,True,False,False,False,False,False,N
0.38811881188118813,0.7435897435897436,1.0,0.027338545463686872,0.33744905469737474,True,False,False,True,False,False,True,False,False,Y
0.5188118811881188,0.358974358974359,1.0,0.07555494104929737,0.2027899187324617,False,True,False,True,False,True,False,False,False,Y
0.5623762376237623,1.0000000000000002,1.0,0.07666105231403504,0.21824704613770585,False,False,False,False,False,False,False,False,False,N
0.45940594059405937,0.7435897435897436,1.0,0.05339500741597325,0.242496040834536,True,True,False,True,False,False,False,False,False,Y
0.7326732673267327,0.7435897435897436,1.0,0.06123834183865859,0.35170099834454427,True,True,False,False,False,False,False,False,True,Y
0.5504950495049504,0.7435897435897436,1.0,0.06609014806807612,0.24400730916625304,True,False,False,True,False,False,False,True,True,Y
0.4118811881188119,0.7435897435897436,1.0,0.02077729455240202,0.42384491136682967,True,True,False,False,False,False,False,True,True,Y
0.43960396039603955,0.7435897435897436,1.0,0.5336358380049775,0.0026282436283127097,True,True,True,True,False,False,False,False,False,Y
0.5069306930693069,0.358974358974359,1.0,0.06493375901857765,0.2270834003839026,True,True,False,False,True,True,False,False,True,Y
0.4118811881188119,0.7435897435897436,1.0,0.04395535332713241,0.25385374406796635,True,True,False,False,True,True,False,False,False,N
0.4,0.7435897435897436,1.0,0.029324517961738607,0.331918924473836,True,True,False,True,False,False,False,False,False,Y
0.502970297029703,0.7435897435897436,1.0,0.12197390582970916,0.12069988453989863,True,True,False,False,True,False,False,False,False,Y
1.0,0.7435897435897436,1.0,0.1651750923854295,0.34138101979782476,True,True,False,True,False,False,False,False,False,Y
0.25742574257425743,0.7435897435897436,1.0,0.02168229467809648,0.25992487352472227,True,False,False,False,True,False,False,False,False,N
0.18613861386138614,0.358974358974359,1.0,0.06252042535005907,0.07738323344939925,True,True,False,True,False,False,False,False,False,Y
0.3603960396039604,0.7435897435897436,1.0,0.07113049599034667,0.1441550126001308,True,True,True,False,False,False,False,True,False,Y
0.601980198019802,0.7435897435897436,1.0,0.0585359109077654,0.2977332877959722,True,False,False,False,True,False,False,False,False,Y
0.6059405940594059,0.7435897435897436,1.0,0.05137132657935091,0.33392645615155814,True,True,True,True,False,True,False,False,False,Y
0.5442065828204442,0.358974358974359,1.0,0.059805424972975696,0.263028843288311,True,True,False,False,True,False,False,False,True,N
0.43168316831683173,0.7435897435897436,1.0,0.0453505618542447,0.2599295519369317,True,False,False,True,False,False,False,False,False,Y
0.499009900990099,0.7435897435897436,1.0,0.0394806304834209,0.3358797668429214,True,True,False,False,True,True,False,False,True,Y
0.6297029702970297,0.7435897435897436,1.0,0.049963548606048416,0.35529382132776677,True,False,False,False,True,False,False,False,False,Y
0.7049504950495049,0.7435897435897436,1.0,0.09342869353176299,0.23129817000320976,True,True,False,False,False,False,False,False,False,Y
0.5900990099009901,0.7435897435897436,0.0,0.05150959048744312,0.32419692579177606,True,True,False,True,False,False,False,True,False,N
0.7405940594059406,0.7435897435897436,1.0,0.12328112823349002,0.18580299376715842,True,False,False,True,False,True,False,False,False,N
0.41980198019801984,0.7435897435897436,1.0,0.0585484803539556,0.20363887705965028,True,True,False,False,True,False,False,False,False,Y
0.2851485148514852,0.358974358974359,1.0,0.02614444807561779,0.255339876800455,True,True,False,False,False,False,False,True,True,N
0.4,0.7435897435897436,1.0,0.1916840544005631,0.050718683721897306,True,True,False,True,False,False,False,False,False,Y
0.3445544554455445,0.7435897435897436,1.0,0.02867090675984816,0.29009987830076045,True,True,False,True,False,False,False,False,False,Y
0.40792079207920795,0.7435897435897436,1.0,0.0263832675532316,0.3629757875883669,False,False,False,True,False,True,False,False,False,Y
0.5663366336633663,0.7435897435897436,0.0,0.06675632871615676,0.24923201475493165,True,True,False,False,False,False,False,False,True,N
0.6495049504950495,0.7435897435897436,1.0,0.05603459111591544,0.3342005550117175,True,True,False,True,False,True,False,False,False,Y
0.24554455445544557,0.7435897435897436,1.0,0.017484099650569393,0.2810726150777374,True,False,False,False,True,False,False,False,False,Y
0.41980198019801984,0.7435897435897436,1.0,0.039279519344377685,0.28255501514077863,True,True,False,True,False,False,False,False,False,Y
0.5346534653465347,0.7435897435897436,1.0,0.06074813343724075,0.2547152347539341,False,False,False,True,False,False,False,False,False,Y
0.32079207920792074,0.7435897435897436,1.0,0.03089569873551371,0.256320396835957,True,True,False,True,False,False,True,False,False,Y
0.7207920792079208,0.7435897435897436,1.0,0.10203876417205059,0.21768848863803772,True,True,True,True,False,False,False,False,False,Y
0.502970297029703,0.7435897435897436,1.0,0.04157972799718444,0.3255901808598166,True,True,False,False,True,False,False,False,False,Y
0.6455445544554456,0.7435897435897436,1.0,0.08214133085296262,0.23742831073886347,True,False,False,False,False,False,False,False,False,Y
0.20198019801980197,0.7435897435897436,0.0,0.00979159858216647,0.3054287340395201,True,True,False,False,True,False,False,False,False,N
0.5306930693069307,0.7435897435897436,1.0,0.041768269690037454,0.3427860420023192,True,True,False,True,False,False,False,False,False,Y
0.5442065828204442,0.7435897435897436,1.0,0.00701375097413208,0.8814601047198866,True,False,False,False,True,False,False,False,True,N
0.43960396039603955,0.358974358974359,1.0,0.11238341838658589,0.11266467368600497,True,False,True,False,True,False,False,False,False,N
0.18217821782178217,0.7435897435897436,1.0,0.17995676110510572,0.012060955440430413,False,False,True,True,False,False,False,False,False,Y
0.16237623762376238,0.7435897435897436,1.0,0.022775836496643956,0.16015701428837775,True,False,False,False,True,False,False,False,False,Y
1.0,0.7435897435897436,1.0,0.28106538625908145,0.16238370352761075,True,True,False,False,False,False,False,True,False,Y
0.4792079207920792,0.7435897435897436,1.0,0.018678197038638475,0.5222179182939828,False,True,False,True,False,False,False,False,False,Y
0.5442065828204442,0.7435897435897436,1.0,0.07552980215691697,0.21358469657416584,False,False,True,True,False,True,False,False,False,Y
0.7049504950495049,0.7435897435897436,1.0,0.1243243922672767,0.174308399243743,True,True,False,True,False,False,False,False,False,Y
0.499009900990099,0.7435897435897436,1.0,0.051836396088388345,0.2710042392792251,True,True,False,False,False,False,False,False,False,N
0.35247524752475246,0.7435897435897436,1.0,0.01876618316196988,0.38493194149263055,True,False,False,True,False,False,False,False,False,Y
0.5346534653465347,0.7435897435897436,1.0,0.05430000754166771,0.2801940687104235,True,False,False,True,False,False,False,False,False,Y
0.26534653465346536,0.7435897435897436,0.0,0.02599361472133538,0.23855603693349867,False,False,False,False,True,False,False,False,False,N
0.2851485148514852,0.7435897435897436,1.0,0.04124035295004902,0.18240967680647416,False,False,False,True,False,True,False,False,False,N
0.9742574257425742,0.7435897435897436,1.0,0.02062646119811961,0.9999999999999999,False,False,False,False,False,False,False,True,False,Y
0.3603960396039604,0.7435897435897436,1.0,0.0263581286608512,0.3209135972023922,True,True,False,False,True,False,False,False,False,Y
0.2415841584158416,0.7435897435897436,1.0,0.00908770959551522,0.37174360734306156,False,False,False,True,False,False,False,False,True,Y
0.15445544554455445,0.7435897435897436,1.0,0.04327660323286156,0.09107366636971163,True,False,False,False,False,False,False,False,True,Y
0.4,0.7435897435897436,1.0,0.067145981548053,0.17074352580113095,False,True,False,False,True,False,False,False,False,N
0.5861386138613861,0.358974358974359,1.0,0.06253299479624928,0.27364625360477823,True,True,False,False,False,False,False,True,False,Y
1.0,0.7435897435897436,1.0,0.1097438346866437,0.3313896166915298,True,False,False,True,False,False,False,False,False,Y
0.06336633663366337,0.2307692307692308,1.0,0.027376253802257472,0.054660560970867966,True,False,False,True,False,False,False,False,True,Y
0.6772277227722772,0.7435897435897436,0.0,0.1534477990899721,0.1329849837988892,True,True,False,False,True,True,False,False,False,N
0.14653465346534653,0.7435897435897436,1.0,0.011765001634028004,0.20976851072655445,False,False,False,False,False,False,False,False,False,N
0.5442065828204442,0.7435897435897436,0.0,0.0048769451217979334,0.9662670978956452,False,False,False,False,True,False,False,True,True,N
0.4554455445544554,0.7435897435897436,1.0,0.038827019281530456,0.30982048563687636,True,True,False,True,False,False,False,True,False,Y
1.0,0.7435897435897436,1.0,0.10270494482013122,0.3149067494554928,True,True,True,False,True,False,True,False,False,Y
0.3128712871287128,0.7435897435897436,1.0,0.02473667010231529,0.2903592025845384,False,False,False,False,True,False,False,False,False,Y
0.4871287128712871,0.7435897435897436,1.0,0.04472208954473465,0.29776109561641173,False,False,False,False,False,False,False,False,False,Y
0.5442065828204442,0.7435897435897436,1.0,0.04305035320143794,0.34368563504311156,True,True,False,False,False,True,False,False,True,Y
0.18217821782178217,0.7435897435897436,1.0,0.013298474069232506,0.24289054074969849,True,False,False,True,False,False,False,False,False,Y
0.3603960396039604,0.4871794871794872,1.0,0.027074587093692655,0.3153281071148458,True,False,False,False,True,True,False,False,True,Y
0.43960396039603955,0.7435897435897436,0.0,0.05835993866110259,0.21446540457276142,False,True,False,False,True,False,False,False,False,N
0.5267326732673268,0.358974358974359,1.0,0.07185952386937831,0.21589388494059863,True,True,False,False,False,False,False,False,False,Y
0.5108910891089109,0.7435897435897436,1.0,0.0994243193644888,0.15255617209519037,True,True,False,False,False,True,False,False,True,N
0.43960396039603955,0.7435897435897436,1.0,0.04398049221951281,0.2714055418023068,True,True,False,False,True,False,False,False,True,Y
0.598019801980198,0.7435897435897436,1.0,0.05651223007114306,0.30455880114905887,True,True,False,False,False,True,False,False,False,Y
0.32079207920792074,0.358974358974359,0.0,0.04408104778903441,0.1953214113216316,True,True,False,False,False,False,False,False,False,Y
0.4,0.7435897435897436,1.0,0.03495562985494859,0.293369372304797,False,False,False,False,True,False,False,False,False,Y
0.2415841584158416,0.358974358974359,1.0,0.09243570728273712,0.06778067746738296,True,True,False,True,False,False,False,False,False,N
0.403960396039604,0.7435897435897436,1.0,0.04889514567988135,0.22814662844151803,True,False,False,True,False,False,False,False,True,Y
0.6376237623762376,0.7435897435897436,1.0,0.022725558711883156,0.6208450620344017,True,True,False,False,False,False,False,False,False,N
0.4475247524752475,0.7435897435897436,1.0,0.0453757007466251,0.26968797217348384,True,True,False,True,False,False,False,False,False,Y
0.7049504950495049,0.7435897435897436,0.0,0.11279821011086252,0.19242395898864695,True,False,True,False,True,False,False,False,False,N
0.43960396039603955,0.7435897435897436,1.0,0.07237487116317655,0.17638077727489454,False,False,False,False,False,False,False,False,False,Y
0.3603960396039604,0.7435897435897436,1.0,0.02677292038512783,0.31765816539501635,False,True,False,True,False,False,False,False,True,Y
0.7564356435643564,0.7435897435897436,1.0,0.06231931421101586,0.3582434117763116,True,False,True,False,False,False,False,False,False,Y
0.5346534653465347,0.7435897435897436,1.0,0.04630583976469997,0.31886231066500204,False,True,False,True,False,False,False,False,False,Y
0.7049504950495049,0.7435897435897436,1.0,0.10176223635586616,0.21303331913528858,True,True,False,False,True,True,False,False,False,Y
0.4475247524752475,0.7435897435897436,1.0,0.025402850750395937,0.4078709571427105,False,False,True,False,True,False,False,False,False,Y
0.3366336633663366,0.7435897435897436,1.0,0.04157972799718444,0.21532399404632582,True,False,False,True,False,False,False,False,False,Y
0.4237623762376238,0.7435897435897436,1.0,0.05051660423841725,0.23343199010721186,True,True,False,False,False,False,False,False,False,Y
0.5584158415841584,0.7435897435897436,1.0,0.06852862062897509,0.23987328973044333,True,True,False,False,False,False,False,True,False,Y
1.0,0.7435897435897436,1.0,0.327534628824254,0.1862060832427633,True,True,False,False,True,False,False,False,False,Y
0.43960396039603955,0.7435897435897436,1.0,0.03455340757686216,0.3256052152787161,True,False,False,False,False,False,False,False,False,Y
0.45148514851485144,0.7435897435897436,0.0,0.04313833932476935,0.28324466426957207,True,True,False,True,False,False,False,False,True,N
0.2415841584158416,0.7435897435897436,1.0,0.10748133437240756,0.055892979626059325,True,True,True,True,False,False,False,False,False,Y
1.0,0.7435897435897436,1.0,0.09948716659543981,0.35770198039983603,True,False,True,True,False,False,False,True,False,Y
1.0,0.7435897435897436,1.0,0.17184946831242615,0.3645863778182994,True,True,True,False,False,False,True,False,False,Y
1.0,0.7435897435897436,1.0,0.1169964051383896,0.3304746188139026,True,True,False,False,True,True,False,False,False,Y
0.2297029702970297,0.7435897435897436,1.0,0.013298474069232506,0.302749327877022,False,False,False,False,True,False,False,False,False,Y
0.21386138613861386,1.0000000000000002,0.0,0.009992709721209685,0.31974321167590947,True,False,False,True,False,False,False,False,False,N
0.6851485148514851,0.358974358974359,1.0,0.1285100178486136,0.16308994184710124,True,True,True,False,True,True,False,False,False,Y
0.4435643564356435,0.7435897435897436,0.0,0.036790768998717915,0.31391205317159443,True,True,False,True,False,True,False,False,False,N
0.697029702970297,0.7435897435897436,1.0,0.07824480253400035,0.2694452165964194,True,True,False,False,False,False,True,False,True,Y
0.26534653465346536,0.7435897435897436,1.0,0.030367781995525277,0.21419980102368955,True,False,False,True,False,False,False,False,False,Y
0.9306930693069306,0.7435897435897436,1.0,0.09708640237311145,0.3005060927277492,True,False,False,False,True,False,False,False,False,N
0.2297029702970297,0.7435897435897436,1.0,0.030581462580758695,0.18415812864896436,True,True,False,False,True,True,False,False,False,N
0.6574257425742575,0.6153846153846154,1.0,0.17878780260941704,0.10784273347964582,True,True,False,False,False,False,False,False,False,Y
0.3603960396039604,0.7435897435897436,1.0,0.021581739108574874,0.36330131980409486,False,False,False,True,False,False,False,False,False,Y
0.3603960396039604,0.7435897435897436,1.0,0.03568465773398024,0.2598384123289035,True,True,False,False,True,False,False,True,False,Y
0.5442065828204442,0.7435897435897436,1.0,0.08538424797003444,0.19025539563380175,True,True,False,True,False,False,False,False,False,Y
0.7326732673267327,0.7435897435897436,1.0,0.07540410769501496,0.29366780893676026,False,False,True,False,False,False,False,False,False,N
0.7049504950495049,0.7435897435897436,1.0,0.07036375977274441,0.29978756497228465,True,True,True,True,False,False,False,True,False,Y
0.16237623762376238,0.7435897435897436,1.0,0.029349656854119006,0.1336235574080006,True,False,False,True,False,False,False,False,False,Y
0.7762376237623763,0.4871794871794872,1.0,0.05729153573493552,0.39461593867659495,True,True,True,True,False,False,True,False,False,N
0.9900990099009901,0.7435897435897436,1.0,0.1126976545413409,0.278864475557674,False,False,False,False,True,False,False,False,False,Y
0.14257425742574256,0.358974358974359,0.0,0.018187988637220646,0.16278357095703158,True,True,False,False,True,False,True,False,True,N
0.4,0.7435897435897436,0.0,0.09395661027175142,0.12237469269939244,True,True,False,False,True,True,False,False,False,N
0.403960396039604,0.0,1.0,0.0759194549888132,0.1535463807330738,True,True,False,False,True,False,False,False,False,Y
0.18217821782178217,0.7435897435897436,1.0,0.06365167550717715,0.07396075071276849,True,False,False,False,False,False,False,False,True,Y
0.45940594059405937,0.7435897435897436,1.0,0.04362854772618718,0.2858230465791115,True,True,False,False,False,False,True,False,False,Y
0.5227722772277228,0.7435897435897436,1.0,0.06762362050328062,0.226285035818819,True,False,True,False,False,False,False,False,False,Y
0.34059405940594056,0.7435897435897436,1.0,0.04156715855099424,0.21800189821123547,True,True,False,False,False,False,False,True,False,Y
0.5442065828204442,0.7435897435897436,1.0,0.06693230096281957,0.2383537375418169,True,False,False,True,False,False,False,False,False,N
0.6297029702970297,0.7435897435897436,1.0,0.05140903491792152,0.3472538816468488,True,True,False,False,True,False,True,False,False,Y
0.697029702970297,0.7435897435897436,1.0,0.09709897181930165,0.22020760611638987,True,False,False,False,False,False,False,True,False,Y
0.3603960396039604,0.7435897435897436,0.0,0.021569169662384674,0.36342632409585807,True,True,False,False,True,False,False,False,False,N
0.4752475247524752,0.7435897435897436,1.0,0.052640840644561204,0.2542757600301323,True,True,False,False,False,False,True,False,True,N
1.0,0.358974358974359,1.0,0.10457779230247115,0.324949567458509,True,True,False,True,False,True,False,False,True,Y
0.3445544554455445,0.7435897435897436,1.0,0.02496292013373891,0.31777223040285074,True,True,False,False,True,True,False,False,False,Y
0.17425742574257425,0.7435897435897436,1.0,0.0065486814650946475,0.30523709118987863,False,False,False,True,False,False,False,False,True,Y
0.5346534653465347,0.7435897435897436,1.0,0.06000653611201891,0.25743152668313773,True,True,False,False,True,False,True,False,True,Y
0.5148514851485149,0.7435897435897436,1.0,0.04801528444656729,0.2979582739345811,False,True,False,True,False,False,False,False,False,Y
0.4910891089108911,0.7435897435897436,1.0,0.06000653611201891,0.2353632533294082,True,False,False,False,False,False,False,False,True,N
0.43960396039603955,0.358974358974359,1.0,0.0540234797254833,0.22924676958391774,True,True,False,False,True,False,False,False,False,Y
0.4871287128712871,0.7435897435897436,1.0,0.054777646496895344,0.2523509812439594,True,False,True,True,False,False,False,False,True,Y
0.5782178217821782,0.05128205128205128,1.0,0.025629100781819555,0.523820731364851,False,False,False,True,False,True,False,False,False,N
0.37623762376237624,0.7435897435897436,1.0,0.02987757359410744,0.3081398579999701,True,True,False,False,True,False,False,False,False,Y
0.499009900990099,0.7435897435897436,1.0,0.04052389451720757,0.3293453934962811,False,True,False,False,True,True,False,False,False,Y
0.43168316831683173,0.7435897435897436,0.0,0.06077327232962115,0.20296958366641693,True,False,False,False,False,False,False,False,False,N
0.5584158415841584,0.7435897435897436,1.0,0.0584856331230046,0.2754429506210315,True,True,False,True,False,False,True,False,False,Y
0.8198019801980198,0.7435897435897436,1.0,0.06389049498479096,0.38135698798388085,True,True,False,False,False,False,False,False,False,Y
0.34059405940594056,0.7435897435897436,1.0,0.0277784760803439,0.2929367702208818,False,False,False,True,False,True,False,False,False,Y
0.693069306930693,0.7435897435897436,1.0,0.12486487845345534,0.1702419541693615,True,False,False,False,True,False,False,False,False,Y
0.18217821782178217,0.7435897435897436,1.0,0.04365368661856758,0.10808648174348023,True,True,False,False,False,False,False,False,False,N
0.37623762376237624,0.7435897435897436,0.0,0.03545840770255663,0.2727696190454254,False,False,False,False,True,False,False,False,False,N
0.4118811881188119,0.7435897435897436,1.0,0.06020764725106212,0.19465708824257774,False,True,False,True,False,False,False,False,False,Y
0.5742574257425742,0.7435897435897436,1.0,0.0365519495211041,0.41002498948164123,False,False,False,False,False,False,False,False,True,Y
0.4554455445544554,0.7435897435897436,0.0,0.04628070087231957,0.2703238711759276,True,False,False,False,False,False,False,False,False,N
0.2415841584158416,0.7435897435897436,1.0,0.16873224565725634,0.02725838027371337,False,True,False,False,True,False,True,False,False,Y
0.2811881188118812,0.7435897435897436,0.0,0.026458684230372807,0.24980262464056388,True,False,False,False,False,False,True,False,False,N
0.3683168316831683,0.7435897435897436,1.0,0.028130420573669525,0.3141897301269,False,True,False,True,False,False,False,False,True,Y
0.08316831683168316,0.7435897435897436,1.0,0.019118127655295504,0.09480081722469522,True,True,False,False,True,True,False,False,False,Y
0.3603960396039604,0.7435897435897436,1.0,0.029010281806983583,0.30108658379015196,True,False,False,False,True,False,False,False,False,Y
0.9900990099009901,0.7435897435897436,1.0,0.11908293320596294,0.26442274156684376,True,True,False,True,False,False,False,False,False,Y
1.0,0.7435897435897436,0.0,0.1534352296437819,0.31207489917118225,True,True,True,False,False,True,False,False,False,N
0.41980198019801984,0.7435897435897436,1.0,0.03902813042057367,0.2839362214250304,False,False,False,True,False,False,False,False,False,Y
0.2851485148514852,0.7435897435897436,1.0,0.019042710978154305,0.31013973894693536,True,True,False,True,False,False,True,False,False,Y
0.4118811881188119,1.0000000000000002,1.0,0.027916739988436107,0.353243093640377,False,True,False,True,False,False,True,False,False,Y
0.5069306930693069,0.7435897435897436,1.0,0.04203222806003167,0.32551009179411516,False,True,False,True,False,False,False,False,False,Y
0.4475247524752475,0.7435897435897436,1.0,0.041353477965760825,0.29005315937600973,True,True,False,True,False,False,False,False,False,Y
0.3445544554455445,0.7435897435897436,1.0,0.02354257271424621,0.3296767536096379,True,True,False,True,False,True,False,False,False,Y
0.4871287128712871,0.358974358974359,0.0,0.08065813620251892,0.1779940135215397,True,True,False,False,False,False,False,False,False,N
0.16237623762376238,0.7435897435897436,1.0,0.019256391563387716,0.17819783116942306,True,True,False,True,False,False,False,False,False,Y
0.5782178217821782,0.7435897435897436,1.0,0.04704743708992182,0.3413323664135266,True,True,False,True,False,False,True,False,False,Y
1.0,0.7435897435897436,1.0,0.17041655144674325,0.21794937944664702,True,True,False,False,False,False,False,True,False,Y
0.4554455445544554,0.7435897435897436,1.0,0.03340958797355389,0.34569679099886197,False,True,False,False,False,False,False,False,True,Y
0.5306930693069307,1.0000000000000002,0.0,0.049963548606048416,0.29774083696591636,False,False,False,False,True,False,False,False,False,N
0.8554455445544554,0.7435897435897436,1.0,0.1988612081751678,0.1310750221997904,False,False,True,True,False,False,False,False,True,Y
0.5069306930693069,0.7435897435897436,0.0,0.12160939189019332,0.12221857502088407,False,False,False,True,False,False,False,False,False,Y
0.994059405940594,0.7435897435897436,1.0,0.40730033434726864,0.06433493504452824,True,True,False,True,False,True,False,False,False,N
0.5442065828204442,0.358974358974359,1.0,0.032052087785012194,0.42591368740999713,True,True,False,False,True,False,False,True,True,N
0.4871287128712871,0.7435897435897436,1.0,0.05918952210965585,0.23615549459064003,False,False,False,False,False,False,False,False,False,Y
0.40792079207920795,0.7435897435897436,1.0,0.1038361949772493,0.11248345671509982,True,True,False,False,True,False,True,False,False,Y
1.0,0.7435897435897436,1.0,0.14371904773875663,0.3607857598821096,True,False,False,True,False,False,False,False,False,Y
0.5108910891089109,0.7435897435897436,1.0,0.05514216043641117,0.2637753937811266,True,True,False,False,False,False,False,False,False,Y
0.4356435643564357,0.7435897435897436,0.0,0.05419945197214611,0.22644515215328256,True,True,False,False,False,False,False,False,False,N
0.3445544554455445,0.7435897435897436,1.0,0.16890821790391916,0.04899312545823374,True,True,False,True,False,False,False,False,False,Y
0.3564356435643564,0.7435897435897436,0.0,0.008748334548379796,0.5459874785307479,False,False,False,True,False,False,False,False,False,N
0.3722772277227723,0.7435897435897436,1.0,0.2646873978732497,0.025625313398672245,True,False,False,True,False,False,False,False,False,Y
0.33267326732673264,0.7435897435897436,1.0,0.028281253927951937,0.2826666939870677,False,False,False,False,False,False,False,False,False,Y
0.2811881188118812,0.05128205128205128,1.0,0.02408305890042485,0.2656331958747562,True,False,False,True,False,False,False,False,True,N
1.0,0.7435897435897436,1.0,0.22677794816360392,0.3525630379679411,False,True,True,True,False,True,False,False,False,Y
0.6574257425742575,0.7435897435897436,1.0,0.08982126247517534,0.22265416301801907,True,True,False,True,False,False,False,False,False,Y
0.5900990099009901,0.7435897435897436,1.0,0.05456396591166193,0.309252230006149,True,True,False,False,True,True,False,False,True,Y
0.49504950495049505,0.7435897435897436,1.0,0.039895422207697526,0.33055202276458306,True,True,False,False,True,False,True,False,False,N
0.4673267326732673,0.7435897435897436,1.0,0.0656627868976093,0.20612608665972193,False,True,False,True,False,False,True,False,False,Y
0.6851485148514851,0.7435897435897436,1.0,0.0905879986927776,0.23095488730614086,True,True,False,False,False,False,False,False,False,N
0.06732673267326733,0.7435897435897436,1.0,0.06357625883003595,0.018420089022235145,True,True,False,True,False,True,False,False,False,Y
0.22574257425742575,0.7435897435897436,1.0,0.009691043012644864,0.3404574785718931,False,False,False,False,False,False,False,False,True,Y
0.4871287128712871,0.7435897435897436,1.0,0.04712285376706302,0.285647503653928,False,False,False,True,False,True,False,False,True,Y
0.994059405940594,0.7435897435897436,1.0,0.10931647351617688,0.2883277821372776,True,True,True,True,False,False,False,True,False,Y
1.0,0.7435897435897436,0.0,1.0,0.023962569311802143,True,True,False,False,False,False,False,True,False,N
0.4118811881188119,1.0000000000000002,1.0,0.03627542170491968,0.29413287122722476,False,False,False,False,False,False,False,False,False,Y
0.598019801980198,0.7435897435897436,1.0,0.014555418688252594,0.7359581142023317,False,False,False,False,True,True,False,False,False,N
0.4871287128712871,0.7435897435897436,1.0,0.03147389326026295,0.3856985991585037,True,False,False,True,False,False,False,False,True,Y
0.994059405940594,0.7435897435897436,1.0,0.1844943311797682,0.16967616402138608,True,True,True,False,True,False,False,False,False,Y
0.6455445544554456,0.7435897435897436,1.0,0.053734382463108674,0.34372403055159273,True,True,False,True,False,False,False,False,False,Y
0.598019801980198,0.7435897435897436,0.0,0.05910153598632445,0.2932924708829484,True,True,False,False,True,False,False,True,False,Y
0.4871287128712871,0.7435897435897436,0.0,0.04151688076623344,0.31545381404551,True,True,False,True,False,False,True,False,False,N
0.20198019801980197,0.358974358974359,1.0,0.016026043892506094,0.24392784337290233,True,False,False,False,True,False,False,False,True,Y
0.5663366336633663,0.7435897435897436,0.0,0.07848362201161417,0.21515866923058868,True,True,False,False,False,False,False,False,True,N
0.3683168316831683,1.0000000000000002,0.0,0.029437642977450412,0.30468978186423623,True,False,False,False,True,False,False,False,True,N
0.7049504950495049,0.7435897435897436,1.0,0.07718896905402348,0.27606758071592297,True,True,False,False,True,False,True,False,False,Y
0.5900990099009901,0.7435897435897436,1.0,0.06461952286382262,0.2678468569434096,True,True,False,False,True,True,False,False,False,Y
0.5188118811881188,0.7435897435897436,1.0,0.05729153573493552,0.25951798161839945,True,False,False,False,False,False,False,False,False,Y
0.403960396039604,0.358974358974359,0.0,0.0453379924080545,0.242697887691505,True,False,False,False,True,True,False,False,False,N
0.594059405940594,0.7435897435897436,1.0,0.03612458835063727,0.4279497969056115,True,True,False,False,False,False,False,False,False,N
0.5663366336633663,0.7435897435897436,1.0,0.0614017446391312,0.26813129558191573,True,True,True,False,False,False,False,False,False,Y
0.3445544554455445,0.7435897435897436,1.0,0.026911184293220043,0.30266440402329686,True,False,False,False,True,False,False,False,False,N
1.0,0.7435897435897436,1.0,0.08661605369667412,0.38756603743823803,False,False,False,True,False,False,False,False,False,Y
0.499009900990099,0.7435897435897436,1.0,0.05010181251414063,0.2786940648604902,False,False,False,False,False,False,False,False,False,Y
0.6772277227722772,0.7435897435897436,1.0,0.10422584780914552,0.19914229870241054,True,True,False,False,False,False,False,False,False,Y
0.2613861386138614,0.358974358974359,1.0,0.09905980542497297,0.06885885929014597,True,True,False,False,True,False,False,False,False,Y
0.3128712871287128,0.7435897435897436,1.0,0.03456597702305236,0.23032476482602368,True,True,False,False,True,False,False,False,False,Y
0.29702970297029707,0.7435897435897436,1.0,0.0394806304834209,0.19710612223724547,False,True,False,False,False,False,False,False,False,N
0.2099009900990099,0.7435897435897436,1.0,0.030480907011237082,0.16847984047731554,False,False,True,True,False,True,False,False,True,N
0.43960396039603955,0.7435897435897436,1.0,0.035571532718268434,0.31883497572865305,False,False,False,False,True,False,False,False,True,Y
0.7049504950495049,0.7435897435897436,1.0,0.07467507981598331,0.28439833553915994,True,True,True,False,False,False,True,False,True,N
1.0,0.7435897435897436,1.0,0.19282787400387139,0.19442446832066806,True,True,False,False,False,False,False,False,False,N
0.43960396039603955,0.7435897435897436,1.0,0.05461424369642273,0.22712938179250838,True,False,False,False,False,False,False,False,True,Y
0.697029702970297,0.358974358974359,1.0,0.1651750923854295,0.12673960558038247,True,True,False,False,False,True,False,False,False,Y
0.6772277227722772,0.7435897435897436,1.0,0.08662862314286432,0.23788076104951753,True,True,False,False,False,False,False,False,False,Y
0.3445544554455445,0.7435897435897436,1.0,0.050805701500791875,0.18684114762446025,True,False,False,True,False,False,False,False,True,Y
0.4792079207920792,0.7435897435897436,1.0,0.15465446592423138,0.0864757472613487,True,True,False,False,False,False,False,True,False,Y
0.3603960396039604,0.7435897435897436,1.0,0.039266949898187485,0.24165604612541255,True,True,False,False,True,False,True,False,False,N
0.47128712871287126,0.7435897435897436,1.0,0.06043389728248573,0.2239352581593794,True,True,False,True,False,False,False,False,False,Y
0.32079207920792074,0.7435897435897436,1.0,0.4302647125367656,0.0,True,False,False,False,True,False,False,False,False,N
0.3603960396039604,0.7435897435897436,1.0,0.04083813067196259,0.23437832603083567,True,True,False,True,False,False,False,True,False,Y
0.46336633663366333,0.7435897435897436,1.0,0.047877020538475076,0.26777470454072627,True,True,False,False,True,False,True,False,True,Y
0.5442065828204442,0.7435897435897436,1.0,0.0510696598707861,0.30020800739842257,True,False,False,False,False,False,False,False,False,Y
1.0,0.7435897435897436,1.0,0.13270821287614068,0.48398843334586283,False,True,False,True,False,True,False,False,False,Y
0.4792079207920792,0.7435897435897436,1.0,0.04064958897910958,0.31523911044914044,True,True,True,False,False,True,False,False,False,Y
0.3168316831683168,0.7435897435897436,1.0,0.059943688881067894,0.1472338987596825,True,False,False,False,False,False,False,False,False,Y
0.43960396039603955,0.7435897435897436,1.0,0.038022574725357604,0.30354329097021526,True,True,False,False,False,False,False,False,True,Y
0.49504950495049505,0.7435897435897436,1.0,0.06077327232962115,0.23475694871730304,True,True,False,True,False,False,False,False,False,Y
0.43960396039603955,0.7435897435897436,1.0,0.07404660750647327,0.1726110895012391,True,False,False,False,False,False,False,False,True,N
0.697029702970297,0.7435897435897436,1.0,0.06480806455667563,0.318197878652001,True,False,False,True,False,False,False,False,False,N
0.8910891089108911,0.7435897435897436,1.0,0.11803966917217629,0.2379105968838718,True,True,False,True,False,False,False,False,False,Y
0.06336633663366337,0.2307692307692308,1.0,0.02535257296563513,0.05866916748237777,True,True,True,True,False,False,False,False,False,Y
0.7049504950495049,0.7435897435897436,1.0,0.09153070715704266,0.23584617790573711,True,False,False,True,False,False,False,False,False,Y
0.9544554455445544,0.7435897435897436,1.0,0.0832977199024611,0.35491094312717886,True,True,False,True,False,True,False,False,False,Y
0.3445544554455445,0.7435897435897436,1.0,0.040888408456723396,0.22352727494573202,True,True,True,False,True,False,False,False,True,Y
0.7564356435643564,0.7435897435897436,1.0,0.08243042811533724,0.2803022827042757,True,True,False,True,False,False,True,False,False,Y
0.9861386138613861,0.7435897435897436,1.0,0.11160411272279344,0.28027207589134207,True,True,False,True,False,False,False,False,False,N
0.1782178217821782,0.7435897435897436,1.0,0.02557882299705875,0.16221373857097546,False,False,False,False,True,False,False,False,False,Y
0.502970297029703,0.7435897435897436,1.0,0.04342743658714397,0.31487204630330823,True,False,False,True,False,False,False,False,False,Y
0.5782178217821782,0.10256410256410257,1.0,0.09080167927801101,0.1915864625835093,True,False,False,False,True,False,False,False,False,Y
0.22574257425742575,0.6153846153846154,0.0,0.009251112395987832,0.3464341497957001,True,True,True,False,False,True,False,False,False,N
0.4792079207920792,0.7435897435897436,0.0,0.04367882551094799,0.29824602037145986,True,False,False,False,False,False,False,False,False,Y
0.9742574257425742,0.7435897435897436,1.0,0.11018376530330073,0.2800579531460562,True,True,False,True,False,False,False,False,False,Y
0.7564356435643564,0.7435897435897436,1.0,0.12238869755398576,0.1916450327463181,True,True,False,False,True,False,True,False,False,Y
0.5442065828204442,0.7435897435897436,1.0,0.03645139395158249,0.3890455224289163,True,True,False,False,True,False,False,False,False,Y
0.10297029702970298,0.7435897435897436,1.0,0.0,0.2712217628123881,True,False,False,False,True,False,False,False,True,N
0.34059405940594056,0.7435897435897436,1.0,0.026986600970361242,0.29863115228822623,True,True,False,False,False,False,False,False,True,Y
0.6574257425742575,0.358974358974359,1.0,0.06923250961562634,0.2825451928933991,True,False,True,True,False,False,False,False,False,Y
0.9742574257425742,0.7435897435897436,1.0,0.0540988964026245,0.5219659018388721,True,True,False,False,True,False,False,False,False,N
0.5442065828204442,0.7435897435897436,1.0,0.039065838759144274,0.3698223107254748,True,True,False,False,True,False,True,False,False,N
0.5504950495049504,0.7435897435897436,1.0,0.048719173433218535,0.3155941666466342,True,True,False,False,True,False,True,False,False,Y
0.4237623762376238,0.7435897435897436,1.0,0.053847507478820486,0.22117265212639867,True,True,False,True,False,False,True,False,False,Y
0.29702970297029707,0.7435897435897436,1.0,0.03582292164207245,0.21260318457274036,False,False,False,False,True,False,False,False,False,Y
0.5442065828204442,0.7435897435897436,1.0,0.06712084265567259,0.23775697558857525,True,False,False,False,True,False,False,False,False,N
0.43960396039603955,0.7435897435897436,1.0,0.020664169536690216,0.45345989155647204,False,False,False,True,False,False,False,False,False,Y
0.43960396039603955,0.7435897435897436,1.0,0.11786369692551346,0.10685643525642138,True,True,False,False,False,False,True,False,False,Y
0.4,0.7435897435897436,0.0,0.026974031524171042,0.3508576860559961,True,False,False,False,False,False,True,False,False,N
1.0,0.7435897435897436,1.0,0.14423439503255486,0.2658930997497181,True,False,False,False,False,False,False,False,False,N
0.3366336633663366,0.7435897435897436,1.0,0.03191382387691998,0.26299508398544136,True,False,False,True,False,True,False,False,True,Y
0.4237623762376238,0.7435897435897436,1.0,0.029010281806983583,0.3542943945699951,True,True,False,True,False,True,False,False,False,Y
0.598019801980198,0.7435897435897436,1.0,0.05937806380250886,0.292133761265973,True,True,True,True,False,False,False,False,False,Y
0.22574257425742575,0.7435897435897436,1.0,0.025277156288493925,0.20689812639316635,True,True,False,False,False,False,False,False,True,N
0.1504950495049505,0.7435897435897436,1.0,0.01974659996480555,0.16306723559028083,True,False,False,False,True,False,False,False,False,Y
0.45148514851485144,0.7435897435897436,0.0,0.05603459111591544,0.2285176681343807,True,True,False,False,False,False,False,True,False,N
0.45940594059405937,0.7435897435897436,1.0,0.21019884863872898,0.05435238691933712,False,False,True,False,True,False,False,False,True,Y
0.2811881188118812,0.7435897435897436,1.0,0.02265014203474195,0.2760736641109717,False,False,False,False,True,False,False,False,False,Y
0.43960396039603955,0.7435897435897436,1.0,0.040926116795293996,0.28707111639124694,True,True,False,False,True,False,False,False,False,Y
0.2732673267326733,0.358974358974359,1.0,0.023190628220920585,0.26446271038297364,True,True,False,False,True,False,True,False,False,Y
0.3603960396039604,1.0000000000000002,0.0,0.04052389451720757,0.23580267536439067,True,True,False,False,True,False,False,False,True,N
0.34059405940594056,0.7435897435897436,1.0,0.03833681088011262,0.23227444537760714,True,True,False,False,True,False,False,False,False,Y
0.7247524752475247,0.7435897435897436,0.0,0.18612835918449433,0.11588247319108247,True,False,True,False,True,False,False,False,False,N
0.48316831683168315,0.7435897435897436,1.0,0.051031951532215486,0.2654563533572213,True,True,False,True,False,False,False,False,False,Y
0.5227722772277228,0.7435897435897436,1.0,0.05729153573493552,0.2615964117269871,True,False,False,False,True,False,False,False,False,Y
0.41980198019801984,0.7435897435897436,0.0,0.057857160813494554,0.20577792769412395,True,False,False,False,False,False,False,False,True,N
0.502970297029703,0.7435897435897436,0.0,0.04845521506322431,0.28871880636468816,True,True,False,True,False,False,False,False,False,N
0.5782178217821782,0.7435897435897436,1.0,0.04117750571909801,0.3782325525514628,True,True,False,False,False,False,False,False,False,Y
0.5584158415841584,0.7435897435897436,1.0,0.09027376253802258,0.1854425783049148,False,False,True,True,False,True,False,False,False,Y
0.4910891089108911,0.358974358974359,1.0,0.07678674677593705,0.18818910089539634,True,True,False,False,True,False,True,False,True,Y
0.5108910891089109,0.7435897435897436,1.0,0.04139118630433143,0.3319886914236406,True,True,True,False,True,False,False,False,True,N
0.5584158415841584,0.7435897435897436,0.0,0.0453505618542447,0.33895105309511464,True,True,False,False,False,False,True,False,False,N
0.6851485148514851,0.7435897435897436,1.0,0.06340028658337314,0.3184677199433732,False,True,False,True,False,False,False,False,False,Y
0.6455445544554456,0.15384615384615388,1.0,0.07341813519696322,0.2630509988838553,True,True,False,False,False,True,False,False,False,N
0.4792079207920792,0.7435897435897436,1.0,0.05355841021644586,0.2528049038347445,True,True,True,False,False,False,False,True,True,Y
0.7564356435643564,0.7435897435897436,1.0,0.08662862314286432,0.2678077604532271,True,True,False,True,False,False,False,True,False,Y
1.0,0.6153846153846154,1.0,0.6325071017370975,0.13717958501374086,True,True,False,False,True,False,False,True,False,Y
0.41980198019801984,0.358974358974359,1.0,0.034515699238291564,0.31097252642698703,True,True,False,True,False,False,False,False,True,Y
0.49504950495049505,0.7435897435897436,1.0,0.041114658488147014,0.323101273164371,True,True,False,False,True,False,True,False,False,Y
0.3603960396039604,0.7435897435897436,1.0,0.04262299203097111,0.22656757505519162,True,True,False,True,False,False,False,True,True,Y
0.3564356435643564,0.7435897435897436,1.0,0.019947711103848763,0.37612689962875967,True,True,False,False,True,False,False,True,False,Y
0.41980198019801984,0.7435897435897436,1.0,0.039279519344377685,0.28255501514077863,True,True,False,False,True,False,False,False,True,Y
0.7881188118811882,0.7435897435897436,1.0,0.11371577968274718,0.21583310205512105,True,True,False,True,False,False,True,False,False,Y
0.5346534653465347,0.7435897435897436,1.0,0.05504160486688957,0.2770352090925978,True,True,False,False,True,False,False,False,False,Y
0.38415841584158417,0.7435897435897436,1.0,0.0408507001181528,0.25026870185128325,True,False,True,False,False,True,False,False,False,N
0.32079207920792074,0.7435897435897436,1.0,0.04597903416375475,0.18860683673717468,True,True,False,True,False,True,False,False,True,Y
0.3683168316831683,0.7435897435897436,1.0,0.043402297694763566,0.22839460532432945,True,False,False,True,False,False,False,False,False,Y
0.4,0.7435897435897436,1.0,0.04806556223132809,0.22903223501997408,True,True,False,False,True,False,True,False,True,Y
1.0,0.7435897435897436,1.0,0.10805952889715678,0.3710149186319246,True,True,False,False,True,False,False,False,False,Y
0.37623762376237624,0.7435897435897436,1.0,0.03900299152819327,0.253893187265126,True,True,False,True,False,True,False,False,False,Y
0.2613861386138614,0.7435897435897436,1.0,0.012481460066869454,0.35264189325984086,True,False,False,False,True,False,False,False,False,N
0.24554455445544557,1.0000000000000002,1.0,0.020450488951456798,0.25703930641558725,True,False,False,False,True,False,False,False,False,N
0.41980198019801984,0.7435897435897436,1.0,0.033711254682118705,0.3162867419072719,False,False,False,True,False,False,False,False,False,Y
0.40792079207920795,0.7435897435897436,1.0,0.029613615224113224,0.336285273780767,True,True,False,False,False,False,False,False,False,Y
1.0,0.7435897435897436,1.0,0.10133487518539933,0.3293763269348169,True,True,False,False,False,False,False,True,False,Y
0.34059405940594056,0.7435897435897436,1.0,0.018263405314361845,0.3777623473815711,True,True,True,True,False,True,False,False,False,Y
0.9227722772277227,0.7435897435897436,0.0,0.17040398200055307,0.16974321462396133,True,False,False,True,False,False,False,False,False,N
0.6178217821782178,0.358974358974359,0.0,0.058020563613967166,0.30819537742665504,True,True,True,False,False,False,False,False,True,N
0.4118811881188119,0.358974358974359,0.0,0.03407576862163453,0.30785286721613425,True,True,False,False,False,True,False,False,True,N
0.598019801980198,0.358974358974359,0.0,0.1624098142235853,0.10745671818415548,True,True,True,False,True,True,False,False,False,N
0.3128712871287128,0.7435897435897436,0.0,0.019419794363860328,0.3359335137660703,True,False,False,True,False,False,False,False,False,N
0.14257425742574256,0.7435897435897436,1.0,0.03132305990598054,0.11118548612092585,True,True,False,True,False,False,True,False,True,Y
0.4237623762376238,0.7435897435897436,0.0,0.03423917142210714,0.315774289598318,False,False,False,True,False,False,False,False,False,N
0.031683168316831684,0.2307692307692308,1.0,0.01185298775735941,0.057426601248810424,True,True,False,False,True,False,True,False,False,Y
0.598019801980198,0.7435897435897436,1.0,0.05729153573493552,0.30108658379015196,True,True,False,False,False,True,False,False,False,Y
0.2811881188118812,0.7435897435897436,1.0,0.027124864878453454,0.245661780894482,True,False,False,False,True,False,False,False,False,N
0.4,0.7435897435897436,1.0,0.02826868448176173,0.3401887747249459,True,False,False,False,False,False,False,False,True,Y
0.4792079207920792,0.7435897435897436,1.0,0.04963674300510319,0.2692566469018206,True,True,False,False,True,False,True,False,False,Y
0.19405940594059407,0.7435897435897436,1.0,0.038701324819628444,0.12852309660602226,True,True,False,False,False,False,False,False,False,Y
0.499009900990099,0.7435897435897436,1.0,0.006385278664622036,0.8318856576756067,True,True,False,False,False,False,False,False,False,N
0.40792079207920795,0.7435897435897436,1.0,0.03504361597828,0.29872808153927244,False,False,False,True,False,False,False,False,False,N
0.6613861386138613,0.7435897435897436,1.0,0.07111792654415647,0.2776676529891646,True,True,True,False,False,False,True,False,False,Y
0.4,0.7435897435897436,1.0,0.053093340707408426,0.21064222664695312,True,True,False,False,True,False,False,True,False,Y
0.5108910891089109,0.7435897435897436,1.0,0.02495035068754871,0.4707087993634774,False,False,False,False,True,False,True,False,False,N
0.47128712871287126,0.358974358974359,1.0,0.07916237210588502,0.17476959114420645,True,True,False,False,True,False,False,True,False,Y
0.3445544554455445,0.7435897435897436,1.0,0.030380351441715477,0.27876729285989255,True,True,False,True,False,False,True,False,False,Y
0.9663366336633663,0.7435897435897436,1.0,0.08635209532667991,0.3481163160836024,True,True,False,False,True,True,False,False,False,Y
0.32079207920792074,0.7435897435897436,1.0,0.037632921893461374,0.22154774356611337,False,False,False,False,True,True,False,False,False,Y
0.6217821782178218,0.7435897435897436,0.0,0.043754242188089196,0.3890367280560414,True,False,False,True,False,False,True,False,False,Y
1.0,0.7435897435897436,1.0,0.08158827522059378,0.40083446113056287,True,True,False,False,True,False,False,False,False,N
0.22178217821782178,0.6153846153846154,1.0,0.01650368284773373,0.2627619923141987,True,False,False,False,False,False,False,False,True,N
0.8752475247524752,0.6153846153846154,1.0,0.08808667890092763,0.3079736894754127,True,True,False,True,False,False,True,False,False,Y
0.3603960396039604,0.7435897435897436,1.0,0.03318333794213027,0.27403949722274024,True,True,False,False,True,True,False,False,False,Y
0.45940594059405937,0.7435897435897436,1.0,0.050855979285552674,0.25257978198477604,True,True,False,False,False,False,False,False,False,Y
0.47128712871287126,0.7435897435897436,1.0,0.0584353553382438,0.2306021767584889,True,True,False,False,False,True,False,False,False,N
0.6178217821782178,0.7435897435897436,0.0,0.06441841172477941,0.28186893856502016,True,True,False,False,True,False,False,False,False,N
0.403960396039604,0.7435897435897436,1.0,0.030216948641242865,0.32845312063333376,False,False,False,True,False,False,False,False,False,Y
0.43960396039603955,0.7435897435897436,1.0,0.03728097740013575,0.30802725783697815,False,False,False,True,False,False,False,False,True,Y
1.0,0.7435897435897436,1.0,0.1767012745418437,0.22599491535085717,True,False,False,False,False,False,False,True,False,N
0.7089108910891089,0.7435897435897436,1.0,0.05090625707031349,0.3954258149388633,True,True,True,False,True,False,False,False,False,Y
0.4910891089108911,0.7435897435897436,1.0,0.05647452173257246,0.24799643982016314,True,True,False,True,False,False,True,False,False,Y
0.29702970297029707,0.7435897435897436,1.0,0.07092938485130346,0.11638939305384036,True,False,True,True,False,False,False,False,False,Y
0.3445544554455445,1.0000000000000002,1.0,0.013298474069232506,0.4474080634347206,True,False,False,True,False,False,False,False,False,N
0.7089108910891089,0.358974358974359,1.0,0.13150154604188138,0.1654857807379433,True,True,False,True,False,False,True,False,False,Y
0.24554455445544557,0.7435897435897436,1.0,0.034163754744965934,0.18137700349746091,False,False,False,True,False,False,False,False,False,Y
0.9861386138613861,0.7435897435897436,0.0,0.09247341562130773,0.33419406918845196,True,True,False,False,True,False,True,False,False,N
0.598019801980198,0.7435897435897436,1.0,0.044181603358556025,0.3710580214583187,True,True,False,True,False,False,False,False,False,Y
0.5188118811881188,0.358974358974359,1.0,0.03834938032630282,0.3571158414692378,True,True,False,False,True,True,False,False,True,N
0.4158415841584159,0.7435897435897436,1.0,0.040863269564343,0.2714668510685794,True,False,False,False,False,False,False,False,False,N
0.403960396039604,0.358974358974359,1.0,0.04521229794615249,0.24324196413777485,True,True,False,False,True,True,False,False,True,Y
0.5442065828204442,0.7435897435897436,0.0,0.05912667487870485,0.2656163014970806,True,True,False,False,True,False,False,False,True,N
0.5584158415841584,0.7435897435897436,1.0,0.042748686492873125,0.3547832955775737,True,True,False,True,False,False,False,False,False,Y
0.40792079207920795,0.7435897435897436,1.0,0.0394806304834209,0.27329557417761663,False,True,False,False,False,False,False,False,False,N
0.3920792079207921,0.7435897435897436,1.0,0.04700972875135122,0.22844180160810054,True,True,False,False,False,False,False,False,False,Y
0.9386138613861386,0.7435897435897436,1.0,0.08661605369667412,0.3366840330998394,True,True,False,True,False,False,True,False,False,Y
0.7247524752475247,0.7435897435897436,1.0,0.05452625757309133,0.3827854281969181,True,True,False,False,True,False,True,False,False,Y
0.4554455445544554,0.6153846153846154,1.0,0.04845521506322431,0.2604675381339332,True,True,False,True,False,False,False,False,True,Y
0.3920792079207921,0.7435897435897436,1.0,0.07677417732974685,0.14692488037173218,True,True,True,False,False,False,True,False,False,Y
0.2415841584158416,0.7435897435897436,1.0,0.023768822745669826,0.23044615093662482,True,False,False,False,True,False,False,False,False,Y
0.7999999999999999,0.7435897435897436,1.0,0.08214133085296262,0.29839767834692466,True,True,False,False,False,False,False,False,False,Y
0.7089108910891089,0.358974358974359,1.0,0.09912265265592397,0.2198745119657505,True,True,False,False,False,False,False,False,False,Y
0.5584158415841584,0.7435897435897436,1.0,0.20233037532366324,0.07519077386974193,True,True,True,False,False,False,True,False,False,Y
0.3603960396039604,0.7435897435897436,1.0,0.04327660323286156,0.2238208913194227,True,False,False,False,False,False,False,False,True,N
0.6772277227722772,0.7435897435897436,1.0,0.11171723773850525,0.1858373324640154,True,True,False,False,True,True,False,False,False,Y
0.6059405940594059,0.7435897435897436,1.0,0.10983182080997511,0.16698904986870294,True,False,False,False,False,False,True,False,False,Y
0.3920792079207921,0.7435897435897436,1.0,0.03110937932074713,0.3123781315845724,True,True,False,True,False,False,True,False,True,Y
0.37623762376237624,0.7435897435897436,1.0,0.04157972799718444,0.24157784804953789,True,False,True,False,False,False,False,False,True,Y
1.0,0.7435897435897436,1.0,0.1274290454762563,0.30776340590064066,True,True,False,False,True,True,False,False,False,Y
0.5346534653465347,0.15384615384615388,1.0,0.0540988964026245,0.28106188994897363,True,True,True,False,False,False,True,False,False,Y
0.598019801980198,0.7435897435897436,1.0,0.08662862314286432,0.20795376164580806,True,True,False,True,False,False,False,False,False,N
0.35247524752475246,0.7435897435897436,1.0,0.018376530330073658,0.3893769206342874,True,True,False,True,False,False,False,False,True,Y
0.7841584158415842,0.7435897435897436,1.0,0.07321702405792001,0.32376140682700716,True,True,False,True,False,False,False,False,False,Y
0.6138613861386139,0.7435897435897436,1.0,0.13270821287614068,0.13896903532031732,True,False,False,True,False,False,False,False,False,N
0.4118811881188119,0.358974358974359,1.0,0.027967017773196913,0.3528234532507133,True,False,False,False,True,True,False,False,False,Y
0.4,0.7435897435897436,1.0,0.035747504964931245,0.28859466601198647,True,True,False,False,False,False,False,False,True,Y
0.700990099009901,0.7435897435897436,1.0,0.06312375876718872,0.32737563788639645,True,True,False,False,True,True,False,False,True,Y
0.25742574257425743,0.7435897435897436,1.0,0.021757711355237686,0.2593738736373439,True,True,False,True,False,False,False,True,True,Y
1.0,0.7435897435897436,1.0,0.23619246336006433,0.26438508083971524,True,False,False,False,False,False,False,False,False,N
1.0,1.0000000000000002,1.0,0.2353503104653209,0.37049538932061155,True,False,True,False,True,False,False,False,False,Y
0.48316831683168315,0.7435897435897436,1.0,0.04849292340179491,0.27677287308591936,True,True,False,True,False,False,False,False,False,Y
1.0,0.6153846153846154,1.0,0.19801905528042435,0.2441146824186782,True,True,True,False,False,False,True,False,False,Y
0.37623762376237624,0.7435897435897436,1.0,0.03992056110007793,0.24938237182078296,True,True,False,True,False,False,False,False,False,Y
0.502970297029703,0.7435897435897436,1.0,0.036602227305864904,0.3580644013742169,True,False,False,False,False,False,True,False,False,Y
0.42772277227722777,0.7435897435897436,1.0,0.05951632771060107,0.20474594777091795,True,False,False,False,True,True,False,False,False,Y
0.5069306930693069,0.7435897435897436,1.0,0.05973000829583448,0.24436430003883583,True,True,False,False,True,False,False,False,False,Y
0.2415841584158416,0.358974358974359,0.0,0.039832574976746526,0.15785475743907773,True,True,False,False,True,False,False,True,True,N
0.1386138613861386,0.7435897435897436,1.0,0.03423917142210714,0.10024817176109921,False,False,False,True,False,False,False,False,False,Y
0.37623762376237624,0.7435897435897436,0.0,0.07815681641066895,0.13785113296426235,True,True,False,False,True,False,False,False,True,N
0.3485148514851485,0.7435897435897436,1.0,0.029010281806983583,0.2911101192689314,True,True,True,True,False,False,True,False,True,Y
0.8554455445544554,0.7435897435897436,1.0,0.13953342215741973,0.1922386869768666,True,True,False,False,True,False,True,False,False,Y
0.08316831683168316,0.7435897435897436,1.0,0.022562155911410545,0.08411311999839113,False,False,False,False,True,False,False,False,False,Y
0.5442065828204442,0.4871794871794872,1.0,0.10816008446667841,0.15026810150197958,False,True,False,True,False,False,False,False,False,Y
0.5442065828204442,0.7435897435897436,1.0,0.1534477990899721,0.10229928118591303,True,True,False,False,True,False,False,False,False,Y
